meanR,meanG,meanB,meanS,meanV,stdR,stdG,stdB,stdS,stdV,clase
10.407491,15.452398,7.20509,83.679993,87.997091,16.61385,25.282135,24.412705,54.545482,50.874439,no_fuego
6.494,13.6259,31.4448,136.693,112.5438,16.9777,34.8892,78.8001,63.3347,63.1397,fuego
25.795,22.3436,20.88,90.686,124.9866,58.6939,50.7178,47.4793,48.8153,67.7652,humo
23.5306,20.9852,18.7222,86.419,81.7183,52.0388,46.3894,41.7817,66.1498,65.7869,humo
3.918053,4.954103,4.935945,105.931391,96.618063,11.75971,12.446774,12.846176,86.949762,75.525641,no_fuego
0.4207,0.7411,1.1475,80.9084,132.892,5.8984,10.2282,15.7748,59.5987,56.6174,fuego
3.74312,6.405277,7.427255,102.234983,114.147717,10.431507,16.988594,18.617698,64.147317,50.158437,no_fuego
0.7485,0.8947,1.2168,159.7368,158.5916,4.8102,5.8849,7.8899,41.6294,58.8361,no_fuego
14.7283,14.4888,15.6671,83.5088,91.2369,43.6867,42.8911,46.3292,43.9618,52.8962,humo
56.2693,66.0345,70.5339,81.8342,119.5191,63.9096,74.705,80.2168,52.2433,51.1534,humo
32.9759,34.1351,35.5128,90.7142,102.6969,59.6009,61.4634,63.8142,64.4493,62.3731,humo
1.7518,5.2476,9.1581,119.8422,114.1214,9.0103,25.6643,44.3234,64.0228,49.5463,fuego
3.0105,3.4365,4.3819,46.2556,139.3746,9.0002,10.2625,13.023,38.6166,55.5049,no_fuego
3.701957,3.471973,3.504109,46.716925,145.834613,10.145638,10.349933,11.073086,39.27193,65.042156,no_fuego
0.0148,0.0145,0.0155,41.3555,145.9562,0.8293,0.8144,0.872,19.8026,56.4914,no_fuego
4.846529,7.239977,7.955535,142.350579,110.036616,11.293215,18.044339,19.266576,61.859006,61.209576,no_fuego
0.2372,0.4645,0.7359,208.9329,133.0103,2.1553,4.0997,6.2436,22.9063,41.3367,no_fuego
64.856562,59.684875,59.248349,61.614414,112.375773,68.739714,67.899034,69.258962,48.690648,53.659979,humo
8.3647,12.4084,13.4922,77.1078,105.5429,15.0187,22.0961,24.0787,52.7666,55.9734,no_fuego
6.433056,8.469402,8.861143,117.012275,124.791813,9.125722,18.855505,18.493044,57.451649,61.092831,no_fuego
4.753003,8.692069,8.209756,73.217734,127.213754,12.330318,20.732477,18.885746,56.585508,53.829934,no_fuego
64.459259,60.173453,66.243026,38.287754,115.636328,68.371461,71.483639,73.457301,33.304853,48.054757,humo
3.006495,8.038948,17.803604,76.199641,135.98635,11.417091,28.130771,61.641894,77.170797,51.707337,fuego
12.11776,13.39457,11.389019,88.230104,88.653184,39.472166,39.800674,33.996551,51.701237,57.753117,humo
3.9493,3.7385,3.3297,53.9629,146.4633,11.831,11.2622,10.1009,39.3925,66.5506,no_fuego
75.751337,77.445954,78.943721,73.344919,127.574359,72.729369,72.432053,73.499947,72.105285,52.135,humo
0.834289,1.552958,2.86799,80.897334,109.962148,9.270751,15.778891,26.078676,52.862127,55.578873,fuego
79.803091,79.967049,80.434517,76.199641,135.98635,71.006807,70.712562,71.01188,77.170797,51.707337,humo
4.096432,6.497209,7.371068,120.71398,112.701011,10.849696,16.794419,18.702568,63.935472,56.406836,no_fuego
2.514315,6.521212,10.932935,74.262571,128.782569,9.396388,22.116523,51.82956,63.320875,53.872459,fuego
79.02632,78.769839,96.268159,47.824746,145.998435,74.971523,75.928006,89.166949,29.283314,65.06632,humo
112.5705,112.9387,114.2621,50.0931,138.555,73.2865,73.628,74.7582,71.134,56.7321,humo
37.9975,38.8791,40.2264,80.8254,112.8932,67.3185,68.6494,71.3005,60.9049,81.6731,humo
1.1985,2.2468,3.3899,197.3886,97.2504,4.246,7.5493,11.3675,46.5364,90.5683,no_fuego
11.2842,26.4619,64.963,139.373,157.4475,22.7017,43.7415,103.9984,66.4591,62.6712,fuego
14.5479,14.1907,14.1904,46.5604,70.0266,35.9663,35.0839,35.2938,53.7245,35.5102,humo
1.1155,1.9337,3.8401,50.0931,138.555,9.0738,15.0996,29.5355,71.134,56.7321,fuego
3.4465,5.5446,8.6984,64.7239,114.0399,17.1927,27.5956,43.1694,46.7387,43.4926,fuego
4.4127,8.7114,10.5704,149.2824,91.3019,8.5496,15.8841,18.7621,62.8768,61.5114,no_fuego
9.7542,12.9887,13.1872,46.0888,69.9572,15.568,20.2985,20.7559,52.9094,35.0412,no_fuego
0.839829,2.225461,2.348689,196.915955,134.410419,4.272669,7.181597,9.664055,41.678538,79.187433,no_fuego
4.932368,4.743832,6.229665,65.756133,125.508869,11.393371,12.890081,15.11952,37.69611,55.170374,no_fuego
9.834987,18.098057,33.581094,130.663388,156.771853,24.652339,46.936914,80.437767,43.10687,59.520694,fuego
51.9683,51.598,49.8529,76.4371,105.902,70.9371,70.1012,68.3867,58.6474,55.8625,humo
2.416281,6.661462,9.587132,90.020405,92.127942,10.488444,27.543565,53.124754,65.034293,63.497493,fuego
14.967,14.7315,15.9342,84.0162,91.2932,44.2241,43.4382,46.9317,44.3908,53.5475,humo
6.5409,14.5553,36.4682,148.446,107.8033,15.7083,35.1983,85.7567,60.9939,70.8929,fuego
3.1419,7.4163,13.3127,149.2824,91.3019,13.1372,29.8022,52.5539,62.8768,61.5114,fuego
0.868039,1.470688,2.026289,76.199641,135.98635,4.585537,7.068642,9.645858,77.170797,51.707337,no_fuego
2.497416,4.009855,4.169642,64.936895,114.113087,9.93336,16.041221,16.245816,47.36078,45.252317,no_fuego
29.9274,25.8682,33.3367,102.8812,142.4366,54.391,46.8151,62.3738,43.4097,68.0132,humo
1.521211,2.769445,7.602665,96.184863,81.789457,10.747154,18.289579,36.765196,66.201871,63.071633,fuego
1.124641,2.951783,5.015709,73.441902,127.529649,8.345911,19.597813,33.398458,61.970114,54.009408,fuego
7.8168,20.5622,37.3756,130.494,140.3401,19.1481,48.6007,86.9639,62.0417,58.3072,fuego
2.6811,2.5452,2.2239,54.9279,84.3056,10.0585,9.6565,8.9833,64.1818,52.0279,no_fuego
4.48948,4.623646,5.549434,112.014567,143.247071,10.676198,17.345662,16.666502,73.872819,49.995896,no_fuego
2.544507,3.685237,8.495467,78.754981,111.017147,14.045577,22.218023,39.293076,49.164853,56.712037,fuego
0.41546,0.605225,1.134232,72.083531,127.157234,5.790855,10.135287,14.617527,44.025816,52.023594,fuego
2.950967,1.894827,1.894501,46.350903,139.666053,8.99869,8.811436,11.942128,47.063501,52.791348,no_fuego
4.164392,5.897187,6.790545,72.117853,128.287148,9.451361,15.09958,14.375003,67.586119,56.545904,no_fuego
11.103485,14.095118,18.68361,142.632271,126.487344,35.190392,40.430906,37.185852,75.630737,65.57269,humo
1.891583,1.474677,2.942443,135.497785,113.181459,11.90287,10.775089,11.822277,49.86028,71.190546,humo
96.5993,96.6781,97.3683,52.957,144.7523,80.4824,79.5459,79.1524,50.1993,50.2704,humo
2.6868,4.6032,6.4765,91.3463,126.8077,15.4036,26.3241,36.8065,49.9844,56.4554,fuego
2.6847,4.292,8.591,77.1078,105.5429,14.171,22.2448,43.5715,52.7666,55.9734,fuego
4.838073,5.20428,7.229838,122.168164,118.41761,10.186145,14.758959,18.298251,48.584563,76.108589,no_fuego
79.89457,80.00136,80.540082,76.129846,135.909781,70.98386,70.688518,70.995532,77.173722,51.586217,humo
0.466678,0.522396,0.107669,42.050777,142.012874,6.046551,6.663903,13.560823,33.135254,56.225337,fuego
104.319,100.5171,97.2943,40.632,169.5722,94.1412,90.3246,87.6327,44.5224,63.3442,humo
2.975711,7.3195,9.665337,132.707159,90.876937,13.739165,28.503559,47.375231,60.259348,57.824346,fuego
8.347688,6.145394,5.997345,98.223087,112.153072,16.208827,12.522261,11.570041,64.722817,64.69538,no_fuego
108.038493,115.385712,118.737983,57.732579,161.662246,74.138705,76.752954,77.624028,55.388356,56.231726,humo
0.3589,0.3671,0.252,58.208,163.2865,3.9412,4.2285,2.9542,32.1245,49.5574,no_fuego
0.813199,1.305869,1.996352,44.619813,144.247267,8.221362,14.65274,25.517621,35.02373,50.196416,fuego
2.6149,3.4093,3.6562,129.8727,141.8745,8.7658,11.4177,12.1457,75.9771,70.613,no_fuego
1.026205,4.908394,5.512362,117.496389,116.351628,7.442234,23.093968,31.672532,61.924998,48.843954,fuego
1.505989,3.294201,3.931214,83.679993,87.997091,10.432923,21.675444,36.802928,54.545482,50.874439,fuego
3.786054,8.495978,6.924395,152.97039,94.1189,8.282697,13.496607,16.788673,55.794031,73.670032,no_fuego
13.0343,13.3144,14.989,73.9294,97.3964,35.3166,36.0942,40.79,51.2843,48.7225,humo
0.0018,0.0025,0.0026,34.1267,160.8545,0.2658,0.3829,0.3974,18.4451,32.4848,no_fuego
98.323875,107.631825,100.567156,46.656716,144.275359,73.968679,73.970186,78.89276,48.399426,50.985244,humo
1.170731,3.057244,6.923806,50.133828,138.890872,9.243742,16.558943,31.503307,55.866978,53.38237,fuego
0.1692,0.4156,0.8449,66.0843,126.4472,3.4607,6.999,13.5692,37.7655,49.7177,fuego
3.6764,5.9956,9.539,65.0837,114.2154,17.6221,28.6544,45.4273,47.6567,45.9011,fuego
6.489111,9.689549,8.440406,61.614414,112.375773,12.479176,19.469187,17.727066,48.690648,53.659979,no_fuego
0.009823,0.014146,0.014783,218.66452,134.737093,1.137563,1.103719,1.461513,21.137157,54.057019,humo
0.124,0.4559,0.7946,99.041,114.4992,2.2936,7.7274,13.3231,64.1795,50.5576,fuego
9.097873,14.154343,27.747165,108.934979,143.405668,24.707275,38.289851,80.96478,52.975671,67.188179,fuego
2.367275,3.966217,8.589937,85.251533,106.726581,13.123202,20.719611,41.301088,58.356033,54.982756,fuego
46.12758,37.72084,41.638258,97.671838,117.122493,71.281226,69.610813,64.894428,55.926026,51.866642,humo
103.117072,109.102439,116.666452,46.283683,139.356966,69.538957,73.43993,78.37197,38.629981,55.504644,humo
0.265202,0.871191,1.624156,143.388628,112.946515,3.664644,9.837301,20.757863,79.625748,64.169256,fuego
1.2498,2.2928,3.6878,76.4371,105.902,9.9936,17.8796,28.6282,58.6474,55.8625,fuego
0.854069,1.654811,2.245312,73.412686,127.524098,6.576347,12.32194,19.935585,60.271402,55.25728,fuego
0.014036,0.020574,0.025849,205.422009,131.695622,1.276018,1.775191,2.189293,42.465968,75.440173,humo
3.8925,4.8482,4.9124,126.2388,93.9434,10.5237,12.9055,13.2166,97.6194,89.4137,no_fuego
10.2203,28.3098,54.0493,193.702,136.4385,21.2604,53.0355,98.7303,38.9437,77.9597,fuego
0.539103,0.037609,0.751879,196.915955,134.410419,3.276618,5.717901,14.592834,41.678538,79.187433,humo
0.7527,1.1807,1.7364,193.702,136.4385,4.3434,6.694,9.5933,38.9437,77.9597,no_fuego
2.3936,3.7839,3.9009,64.7239,114.0399,9.7409,15.6229,16.0258,46.7387,43.4926,no_fuego
3.532965,6.052449,10.111109,72.303197,97.817783,17.127645,28.891783,46.949624,50.366281,47.397098,fuego
1.162533,0.602917,5.565767,131.615685,118.941028,17.852593,22.048256,28.469444,52.48493,65.552249,humo
2.064986,2.601368,3.506551,145.07889,122.310694,8.473795,10.765171,9.939256,77.556378,67.157825,no_fuego
107.6357,116.8753,118.7944,58.208,163.2865,74.687,80.0285,83.4118,32.1245,49.5574,humo
47.662709,45.629958,49.085425,56.89263,116.835603,70.140792,68.486303,71.054161,37.686396,65.955862,humo
0.8037,1.3394,2.503,46.331,69.9994,7.6897,12.5744,23.3114,53.3218,35.3242,fuego
1.0414,2.4005,3.6209,80.8254,112.8932,8.6158,18.5756,27.8122,60.9049,81.6731,fuego
1.5633,2.7904,4.7519,58.208,163.2865,11.0188,19.4328,32.936,32.1245,49.5574,fuego
7.030222,14.944561,34.321658,132.657336,138.864298,17.832425,39.25595,82.198336,62.51979,62.878706,fuego
0,0,0,41.3555,145.9562,0,0,0,19.8026,56.4914,fuego
5.2976,8.1901,9.6455,146.7991,110.9185,9.4604,14.5008,16.9992,58.282,86.1264,no_fuego
0.130747,0.243115,0.233547,218.66452,134.737093,2.072298,0.695695,0.481367,21.137157,54.057019,no_fuego
6.067623,6.866156,7.937636,91.984574,82.197579,12.541733,15.182977,15.44501,66.134052,64.300802,no_fuego
51.56683,50.785558,49.451692,65.217302,103.208712,67.475439,67.299283,66.350792,63.290568,52.97217,humo
0.8256,1.3776,2.5757,46.5604,70.0266,7.8085,12.7856,23.7031,53.7245,35.5102,fuego
1.023673,1.712166,4.035487,40.956706,147.074224,6.654115,21.30212,22.724014,39.936464,57.421692,fuego
6.2485,6.506,6.5461,85.3049,87.6749,12.3297,12.7708,13.0682,57.3987,49.5931,no_fuego
61.3393,53.9586,57.0343,65.2734,117.9302,75.6838,66.5144,71.6789,37.5235,66.0332,humo
28.6698,32.8103,30.7242,119.8422,114.1214,52.0661,59.1402,56.2709,64.0228,49.5463,humo
3.5718,3.9245,4.4662,85.3049,87.6749,18.0131,19.8648,22.7415,57.3987,49.5931,humo
5.3424,5.1999,5.5231,134.4291,113.2374,12.8227,13.2663,13.7816,48.4629,81.6537,no_fuego
34.060691,37.615033,40.97987,64.936895,114.113087,53.20726,58.725297,63.80413,47.36078,45.252317,humo
3.577224,5.842765,9.383568,64.936895,114.113087,17.572545,28.432639,44.375568,47.36078,45.252317,fuego
129.8002,142.1789,147.4035,34.1267,160.8545,52.1488,57.6625,58.5872,18.4451,32.4848,humo
0.107,0.2576,0.5216,54.9279,84.3056,2.3972,5.4491,10.9342,64.1818,52.0279,fuego
26.1197,29.276,34.4115,130.494,140.3401,46.2153,51.7219,60.7236,62.0417,58.3072,humo
0.714572,2.325482,1.26992,134.553383,112.562925,14.757209,15.822168,24.505382,61.938855,80.907257,humo
1.0507,2.2185,4.1862,96.7987,82.4662,8.4306,16.7811,31.2375,67.3061,58.4885,fuego
6.424532,8.934994,17.641259,70.038345,136.594777,20.550358,31.327758,63.233614,58.5739,50.454792,fuego
8.317786,10.13035,10.397622,151.504854,157.005053,29.759791,36.163435,36.263594,47.336414,57.389948,humo
40.017023,38.960043,40.467043,78.977227,109.40992,66.945238,65.809514,68.512082,53.986231,76.148173,humo
40.4795,33.4188,34.2309,89.0852,122.7403,76.9321,63.7979,64.9433,43.9298,62.9865,humo
0.221708,0.671023,2.366137,48.07945,83.037644,6.391752,9.934972,19.502535,54.065499,40.55936,fuego
2.095712,3.829344,7.124074,81.002729,91.552211,13.203829,22.516378,41.344317,45.282081,54.852816,fuego
3.119455,5.442087,5.571975,150.942068,104.824641,8.552084,11.755777,17.080566,59.789559,73.906313,no_fuego
29.358987,25.522521,21.6584,100.000944,132.449966,54.394514,50.476216,56.212253,45.748741,67.929382,humo
9.6369,12.8566,13.0424,46.5604,70.0266,15.5116,20.283,20.7184,53.7245,35.5102,no_fuego
5.403483,6.717507,7.429411,93.065139,83.165849,12.043345,16.293626,16.540705,66.992885,61.397112,no_fuego
79.7861,79.9247,80.3934,76.2047,136.0189,71.0426,70.7389,71.0514,77.1809,51.9279,humo
14.6247,14.3885,15.5555,83.2215,91.1969,43.3779,42.5923,45.9972,43.7253,52.4831,humo
0.5854,1.2368,1.9848,46.2556,139.3746,6.4286,13.1447,20.9121,38.6166,55.5049,fuego
0.26904,0.738461,1.140292,96.256775,131.610783,3.950044,9.875674,13.561982,63.238708,52.949418,fuego
4.955338,4.585808,6.921315,76.020684,97.152838,19.640203,25.999478,27.786794,52.831641,49.131479,humo
4.384478,7.310983,20.331153,179.907052,108.102503,13.435224,38.64368,60.284017,40.184301,73.495761,fuego
78.369119,78.314779,77.811141,74.262571,128.782569,75.022429,75.679267,74.349883,63.320875,53.872459,humo
106.321514,113.461273,107.288964,41.646837,164.889194,75.593335,89.556316,83.919501,34.895258,52.928419,humo
5.0055,5.9214,6.5386,50.8791,116.4069,12.3333,14.6961,16.1948,38.6354,65.3463,no_fuego
14.359385,8.540965,20.038762,142.416304,157.158985,36.674719,35.771493,42.339897,56.69157,61.155107,humo
1.1386,3.0173,5.2017,73.4885,127.5654,8.4938,19.7088,33.6555,62.3442,54.0623,fuego
2.0584,1.8164,1.5992,52.957,144.7523,8.9716,7.9489,7.1894,50.1993,50.2704,no_fuego
3.56125,5.719535,8.969846,65.079968,114.100452,17.312204,27.770798,44.562312,46.910151,45.350148,fuego
0.870865,3.1623,9.928387,149.704387,102.424619,12.326176,28.563355,44.665455,76.298871,61.759081,fuego
0.5501,1.7657,2.7178,115.6652,134.3894,5.1014,15.3224,23.5544,60.5727,48.8109,fuego
2.9373,7.8928,17.4325,76.1259,135.908,11.2824,27.7278,60.9468,77.1771,51.1802,fuego
105.6513,105.3502,108.255,35.2578,150.4354,75.1774,74.2243,74.8679,34.6894,46.2154,humo
0.857689,1.663005,1.524708,58.018942,146.765889,7.228857,9.830121,8.451214,42.249051,53.86416,no_fuego
5.4263,8.2714,8.1243,96.7987,82.4662,11.471,16.2994,15.9513,67.3061,58.4885,no_fuego
0.758779,1.498196,1.436072,135.623646,68.336812,6.876306,8.914155,11.000451,47.779332,75.077035,humo
15.7049,16.8563,19.7852,149.2824,91.3019,40.9626,44.0202,51.311,62.8768,61.5114,humo
2.1146,3.635,7.5483,99.142,118.6344,12.0428,19.2457,39.5968,60.8449,52.4689,fuego
3.1152,3.741,2.8134,102.8812,142.4366,10.2808,12.5679,9.5084,43.4097,68.0132,no_fuego
0.8688,1.4629,2.0077,76.2047,136.0189,4.6216,7.073,9.6017,77.1809,51.9279,no_fuego
2.0715,3.406,6.9512,89.0852,122.7403,12.2162,19.6824,39.1679,43.9298,62.9865,fuego
1.6893,2.7251,2.1354,43.5907,157.0095,8.4196,13.6354,10.8032,29.9871,49.6435,no_fuego
59.7952,59.1629,57.2009,67.1685,113.9053,73.0048,71.8881,70.2394,54.1259,54.3376,humo
6.108671,9.508411,8.763535,62.715644,110.581123,12.52464,19.77769,19.215023,48.285065,53.831028,no_fuego
3.834827,6.509331,12.358331,48.07945,83.037644,14.192078,16.354679,17.124506,54.065499,40.55936,no_fuego
20.9449,26.7754,32.6127,128.1007,155.793,44.8891,57.5537,70.0535,45.9288,64.1125,humo
41.4907,47.267,54.0446,115.6652,134.3894,55.8948,63.3321,72.1215,60.5727,48.8109,humo
4.6741,12.9869,22.712,100.8912,118.2937,15.48,40.2706,69.5608,73.5092,69.5621,fuego
4.9732,5.4091,6.3221,65.2734,117.9302,11.4392,12.8671,15.2848,37.5235,66.0332,no_fuego
14.559341,14.187747,14.821766,65.727956,73.645794,43.367688,37.594446,44.584941,46.420575,48.68944,humo
1.0157,2.6563,4.5613,73.3048,127.4349,8.0792,18.4182,31.3436,61.659,52.9799,fuego
2.4604,3.4064,3.7712,40.632,169.5722,8.6179,11.973,13.3596,44.5224,63.3442,no_fuego
0.324141,0.35687,0.787154,42.824981,143.090461,5.077624,10.989667,13.310747,23.297929,44.285564,fuego
95.2655,85.8398,92.7082,62.788,158.0275,72.3428,65.3645,71.1326,44.4217,50.0069,humo
4.056455,6.1813,6.647443,120.874794,124.067195,28.970976,28.504954,33.696544,69.311751,59.395552,humo
1.1512,4.8793,8.9122,242.5399,135.5461,6.5868,24.4576,43.8376,19.3473,54.903,fuego
3.264651,5.678077,15.481731,85.476597,94.782268,13.606721,26.319033,60.475974,57.475788,59.26755,fuego
24.651692,29.265581,31.472867,133.882866,123.968706,53.523548,65.262641,69.266983,71.05204,74.761439,humo
0.2747,1.2018,4.0749,156.7275,112.8514,3.4828,9.8281,30.2148,82.2596,62.527,fuego
6.406616,14.521267,24.327252,152.395438,101.193987,19.611072,38.586155,69.988233,49.583699,73.456997,fuego
0.0072,0.0092,0.0156,43.5907,157.0095,0.8338,1.062,1.7993,29.9871,49.6435,fuego
42.094848,43.701607,41.058019,85.251533,106.726581,63.576058,65.751219,69.702203,58.356033,54.982756,humo
3.207811,5.455791,6.139783,74.863216,131.499469,10.918425,18.47859,17.834364,60.602426,56.424496,no_fuego
1.9988,3.1144,7.2899,52.957,144.7523,12.2919,17.4264,40.156,50.1993,50.2704,fuego
103.961317,108.711262,116.596738,44.619813,144.247267,72.042064,73.91815,75.857948,35.02373,50.196416,humo
14.533,14.1719,14.1614,46.0888,69.9572,35.898,35.0038,35.178,52.9094,35.0412,humo
1.513938,2.201429,3.764267,41.147518,151.346509,10.694712,16.970805,32.316738,34.111282,48.533135,fuego
8.0208,11.4074,14.6428,159.7368,158.5916,29.4477,41.9301,53.8235,41.6294,58.8361,humo
2.162977,3.390063,3.361399,135.526591,152.62146,8.438381,12.218532,12.810186,73.190596,64.798123,no_fuego
8.232509,18.015432,29.986249,136.421028,111.038757,23.813246,50.657717,83.306277,50.274436,86.042582,fuego
2.587686,4.062232,4.218271,64.960772,114.132567,9.863825,15.96911,16.306594,47.431712,45.678082,no_fuego
4.9392,5.7612,6.31,80.8254,112.8932,11.1603,12.6287,13.9785,60.9049,81.6731,no_fuego
33.6844,37.1304,40.3215,64.7239,114.0399,52.1623,57.811,63.2435,46.7387,43.4926,humo
3.5853,4.7494,6.6276,117.265,125.1562,18.1941,24.1362,33.6222,50.9083,58.6559,humo
8.592533,7.672,6.408735,89.840447,95.12886,16.181111,13.292584,11.008235,62.023805,58.163791,no_fuego
74.1154,74.4912,75.5988,73.4885,127.5654,76.8255,77.7013,80.5445,62.3442,54.0623,humo
2.307305,3.721883,3.741269,118.720546,144.344868,9.831732,13.566411,14.267693,45.84725,66.725131,no_fuego
1.414545,2.658472,4.40146,72.317567,117.476456,8.728585,19.62289,31.753338,57.130423,54.316815,fuego
1.2909,2.4289,5.2919,58.5919,110.3672,9.3501,16.3396,35.2882,47.6351,53.5505,fuego
39.4633,44.3681,47.7616,156.7275,112.8514,61.7545,70.3155,76.439,82.2596,62.527,humo
0,0,0,35.2024,115.6565,0,0,0,26.4201,37.5559,fuego
3.93475,8.834592,17.908278,117.57764,121.784063,9.061666,32.294635,59.022872,62.016028,57.262267,fuego
18.375567,16.09022,18.452337,84.158297,82.629276,48.845911,43.963582,44.24331,65.169949,61.233403,humo
22.4905,26.7292,25.106,130.1374,111.6971,47.6421,56.1395,53.5756,64.6558,56.5966,humo
9.4781,7.948,6.0706,90.7142,102.6969,16.3256,13.5712,10.9305,64.4493,62.3731,no_fuego
0.2089,0.3437,0.5583,34.1267,160.8545,4.2347,6.8355,11.063,18.4451,32.4848,fuego
5.090916,7.604811,6.004687,140.880212,111.291105,12.79024,13.899362,14.871244,50.421806,75.589286,no_fuego
10.8472,13.9883,13.9147,99.3065,66.2153,12.6341,16.0156,16.6017,51.03,46.7369,no_fuego
1.235108,2.37897,3.640523,78.643795,109.580096,9.141596,18.064332,28.364081,58.985716,76.124332,fuego
4.4959,8.5284,7.7757,115.6652,134.3894,11.3608,21.285,19.1534,60.5727,48.8109,no_fuego
2.077834,3.447446,6.827202,79.137306,121.386591,12.357403,21.029738,38.791355,38.462036,65.690171,fuego
5.844,9.7261,8.8543,67.1685,113.9053,12.9049,21.3731,19.5717,54.1259,54.3376,no_fuego
0.922721,0.053138,0.705174,42.824981,143.090461,3.621665,6.887926,3.278796,23.297929,44.285564,no_fuego
14.797267,14.521088,15.77061,83.611844,91.263145,43.831783,43.09923,46.832716,44.050435,53.543872,humo
103.1119,109.1028,116.6652,46.3355,139.3463,69.5249,73.4429,78.3683,38.6402,55.4908,humo
2.494025,3.922995,4.008432,65.079968,114.100452,9.80157,15.710598,16.256338,46.910151,45.350148,no_fuego
41.6971,41.8323,46.7365,68.6616,144.1184,61.9199,63.2059,71.0149,47.5432,61.0673,humo
7.1774,8.4355,9.0091,147.0218,121.5926,29.0744,34.0794,36.5631,72.6366,63.4907,humo
37.219051,40.721939,36.965934,121.932852,113.465893,52.87998,59.833321,63.392715,76.651296,52.711994,humo
2.9863,8.0364,17.7577,76.1323,135.9669,11.4086,28.0496,61.6268,77.1696,51.6304,fuego
1.2898,5.2585,9.6218,240.9567,134.9181,7.1074,25.2874,45.3991,20.9734,54.7593,fuego
64.6952,69.0505,71.6264,35.2024,115.6565,64.4804,69.6308,73.994,26.4201,37.5559,humo
2.3122,2.0244,2.1682,147.0218,121.5926,9.4993,8.8244,9.6865,72.6366,63.4907,no_fuego
1.806,3.1091,3.5731,50.0931,138.555,6.9831,11.5503,13.1549,71.134,56.7321,no_fuego
34.948601,35.120604,39.448113,88.516386,104.130707,59.844595,62.619079,63.936506,60.430304,60.265251,humo
59.9235,63.4906,66.762,80.9084,132.892,72.5386,75.637,79.0719,59.5987,56.6174,humo
2.536683,3.936151,7.368463,68.414173,142.179218,14.062565,21.778328,40.863563,39.030054,62.824351,fuego
41.154373,36.754076,39.649326,94.851909,124.61809,60.541488,65.790124,70.246604,58.365373,54.243316,humo
3.669155,5.903114,9.501195,64.960772,114.132567,17.437628,28.289449,44.791499,47.431712,45.678082,fuego
0.498,0.5836,0.6375,136.693,112.5438,7.3006,8.5426,9.4027,63.3347,63.1397,humo
3.5775,5.6213,6.1589,99.041,114.4992,10.6387,17.0495,18.5519,64.1795,50.5576,no_fuego
2.9082,3.9247,5.4699,155.763,97.5058,7.9814,10.5899,14.7062,47.4695,76.768,no_fuego
0.0159,0.021,0.0281,197.3886,97.2504,1.281,1.6929,2.2647,46.5364,90.5683,humo
1.2848,1.9193,3.3717,35.2578,150.4354,10.4694,15.6099,27.3313,34.6894,46.2154,fuego
1.291013,2.598667,4.471265,61.614414,112.375773,9.638239,17.431447,32.170524,48.690648,53.659979,fuego
0.395581,0.52831,0.931988,193.971217,133.950772,4.70758,4.313705,7.056171,38.404229,53.458799,no_fuego
0.804511,0.532564,1.941302,179.907052,108.102503,6.254956,15.643842,15.820228,40.184301,73.495761,humo
3.211,13.2137,28.7859,126.2388,93.9434,10.7475,37.6684,78.3386,97.6194,89.4137,fuego
5.313691,6.248764,6.431699,136.421028,111.038757,12.525314,14.347918,15.319608,50.274436,86.042582,no_fuego
0.5704,0.5369,0.5275,68.6616,144.1184,4.831,4.5702,4.5029,47.5432,61.0673,no_fuego
0.346772,0.201692,1.214215,50.210453,139.964996,3.0322,10.091591,17.172356,38.992104,64.920758,fuego
56.3199,57.2176,57.6479,47.7034,130.1936,72.9142,74.3759,75.4447,39.1506,61.4202,humo
1.0344,1.7796,2.9499,50.8791,116.4069,9.2211,15.712,25.8534,38.6354,65.3463,fuego
61.871732,62.271689,57.649895,62.715644,110.581123,69.195192,68.545408,70.049823,48.285065,53.831028,humo
0.594704,1.961398,1.599709,47.341943,157.454523,6.582979,10.286659,3.821435,30.468861,49.583788,no_fuego
95.799291,92.120345,91.765352,46.958701,157.259318,76.541163,77.063909,77.372286,40.207994,49.961857,humo
2.95765,7.994223,17.521895,76.129846,135.909781,11.366814,28.009089,61.456877,77.173722,51.586217,fuego
32.5436,30.7987,32.4661,96.7987,82.4662,59.2295,56.3048,59.6209,67.3061,58.4885,humo
11.9223,18.1173,18.4109,84.0162,91.2932,17.098,26.469,27.2433,44.3908,53.5475,no_fuego
1.216636,2.475126,2.119988,42.351284,154.11338,6.044793,7.30031,5.713681,34.289084,47.684512,no_fuego
0,0,0,53.9629,146.4633,0,0,0,39.3925,66.5506,fuego
3.5657,5.7685,9.1007,64.8349,114.1063,17.4304,28.1268,44.2338,47.0846,44.4417,fuego
9.8195,20.7119,36.9709,159.7368,158.5916,24.09,47.5155,82.9144,41.6294,58.8361,fuego
1.3294,3.9866,6.8416,99.3065,66.2153,7.72,23.2426,39.3556,51.03,46.7369,fuego
0.2381,0.255,0.285,35.2578,150.4354,3.0669,3.2794,3.7094,34.6894,46.2154,no_fuego
3.008,3.4428,4.389,46.3355,139.3463,8.9883,10.2745,13.0357,38.6402,55.4908,no_fuego
4.6271,6.6862,7.356,136.693,112.5438,11.6641,16.7461,18.1887,63.3347,63.1397,no_fuego
31.9304,36.6619,39.1184,91.3463,126.8077,57.1935,65.2554,70.2078,49.9844,56.4554,humo
0.4329,1.2339,2.4421,81.8342,119.5191,5.4435,12.0552,23.1689,52.2433,51.1534,fuego
2.43154,2.886436,2.703896,156.616184,155.966245,8.319059,10.880392,11.210352,68.186681,65.052866,no_fuego
44.8669,45.0028,45.2909,111.468,145.9601,73.2447,72.5249,72.4055,78.3132,63.6756,humo
97.5546,95.954,91.2568,43.5907,157.0095,85.9788,83.3462,80.085,29.9871,49.6435,humo
3.02,8.1327,17.9739,76.2047,136.0189,11.4911,28.2647,62.0741,77.1809,51.9279,fuego
1.173896,1.349619,1.479532,162.04487,140.495426,9.89558,13.116717,15.573736,66.271289,79.611679,humo
0.5774,1.2224,1.9533,46.3355,139.3463,6.3832,13.0822,20.7252,38.6402,55.4908,fuego
18.531201,17.300622,23.588683,138.387333,100.562733,44.100195,49.485567,52.412857,63.69461,57.594587,humo
74.2307,74.6814,75.7753,73.3048,127.4349,76.557,77.4851,80.3255,61.659,52.9799,humo
3.9163,6.4126,7.4537,119.8422,114.1214,10.1878,16.9786,19.2272,64.0228,49.5463,no_fuego
2.014166,3.659457,4.642029,56.730512,124.701791,12.358856,18.011963,33.289347,37.601941,65.289799,fuego
1.319,2.1905,3.3689,47.7034,130.1936,10.6877,17.676,27.054,39.1506,61.4202,fuego
16.114861,18.359484,20.283554,139.004216,145.582641,41.725268,42.280418,49.25663,74.941319,63.51908,humo
8.4471,22.9308,33.2358,146.8897,156.5165,20.5534,54.4521,78.5785,52.6483,57.0102,fuego
0.4348,1.7197,3.7731,85.3049,87.6749,3.4712,13.4457,28.4566,57.3987,49.5931,fuego
106.839756,111.611276,117.271948,49.322949,141.069891,71.651821,75.78272,82.854953,37.153307,51.380206,humo
95.3489,96.153431,96.873769,62.64819,157.308031,72.772638,74.258915,72.618539,48.635123,50.143498,humo
32.640877,34.078725,34.914485,91.710142,85.765899,59.466267,56.349991,62.267669,66.711949,61.908336,humo
3.2996,6.0784,7.5571,115.1817,123.9638,9.0803,16.6584,20.1489,58.6338,74.5851,no_fuego
24.596077,28.472103,32.653635,133.612916,139.50271,49.882811,58.908256,65.106812,67.988725,75.078125,humo
0.812676,1.342385,1.150125,80.102905,127.525146,7.209129,14.575367,18.714345,60.559985,55.88734,fuego
69.272884,66.944282,66.768795,80.122366,127.653487,75.115161,76.732709,79.349942,60.879682,56.104582,humo
0.662166,1.288442,3.020367,66.829848,73.034146,3.476614,12.583186,27.678613,56.081217,46.428023,fuego
10.141966,20.863977,47.725192,164.091352,137.584978,23.315235,49.88861,98.099563,39.911071,76.097585,fuego
1.30239,2.093328,3.374765,47.843403,130.742739,10.055859,16.357491,28.713697,58.224344,57.059055,fuego
5.5535,5.1432,5.0095,100.8912,118.2937,12.9062,12.0346,12.1878,73.5092,69.5621,no_fuego
9.443117,9.645401,10.141477,146.985939,111.472055,29.819487,40.492796,42.546543,69.988304,85.70221,humo
0.3907,0.5269,0.5338,148.446,107.8033,6.5697,8.867,8.9854,60.9939,70.8929,humo
64.738639,60.59406,65.285031,63.052167,124.675641,68.034445,65.505904,71.715632,40.595448,50.99863,humo
14.591853,14.247013,14.274971,49.937475,79.054982,37.524845,41.389919,35.296615,46.251629,47.081873,humo
3.0134,3.8154,4.2139,66.0843,126.4472,10.4004,13.6658,14.9698,37.7655,49.7177,no_fuego
15.7014,15.3098,20.5603,139.373,157.4475,39.5956,39.0011,52.1629,66.4591,62.6712,humo
0.586567,1.394744,2.104482,46.930401,134.269149,8.616784,13.455661,21.737773,38.630421,59.67065,fuego
17.2337,31.9923,86.3148,157.8921,154.1185,26.908,46.5944,116.6157,70.7112,83.3751,fuego
4.2643,11.1131,17.9818,117.265,125.1562,14.4141,37.4909,59.4041,50.9083,58.6559,fuego
24.761447,27.980476,25.467103,120.052286,102.368789,46.602656,52.859903,56.25151,58.856966,54.153373,humo
1.928,3.7869,6.6049,83.2215,91.1969,11.4707,22.6112,38.8319,43.7253,52.4831,fuego
43.7546,45.0169,45.513,50.8791,116.4069,67.464,69.5651,70.6644,38.6354,65.3463,humo
2.6493,3.3966,3.7631,111.468,145.9601,9.3702,12.076,13.5527,78.3132,63.6756,no_fuego
5.5673,4.2126,3.0761,120.1561,90.366,13.5579,10.1979,8.0664,57.183,56.8849,no_fuego
2.2712,2.6627,3.009,47.7034,130.1936,9.2525,10.9796,12.4938,39.1506,61.4202,no_fuego
8.716126,13.596054,16.665243,77.170225,101.489275,16.718497,25.427738,25.523859,47.856625,52.728575,no_fuego
1.191584,1.001415,2.135244,41.646837,164.889194,4.159079,11.395114,4.205789,34.895258,52.928419,no_fuego
6.4613,9.089,17.5692,62.788,158.0275,23.4969,33.3236,63.5561,44.4217,50.0069,fuego
3.008391,3.442626,4.383442,46.283683,139.356966,8.998257,10.269479,13.023102,38.629981,55.504644,no_fuego
8.2106,24.6441,46.4134,146.7991,110.9185,18.8451,51.9431,95.91,58.282,86.1264,fuego
1.531216,1.763075,1.609835,136.261895,139.34473,6.845455,7.448435,8.515986,65.959191,63.21075,no_fuego
1.707621,3.809972,6.685974,88.959396,67.909066,9.98062,22.893943,39.077761,44.360949,52.159548,fuego
6.16114,12.576512,29.874366,146.45477,112.793311,12.905624,36.401238,71.591936,64.207763,63.476548,fuego
59.0163,56.6522,58.6955,66.0843,126.4472,76.8863,72.8106,75.5941,37.7655,49.7177,humo
0.223557,3.101786,1.724282,36.276962,115.929382,5.146625,8.869485,4.512196,29.456734,48.776215,no_fuego
0.2592,0.7481,1.3125,139.4312,124.5681,3.9223,10.0716,17.3455,78.1255,76.0356,fuego
2.0605,3.1472,3.3477,139.373,157.4475,8.256,12.6259,13.4737,66.4591,62.6712,no_fuego
43.6269,48.1929,52.0542,99.142,118.6344,60.7257,66.6865,71.5973,60.8449,52.4689,humo
1.378698,2.481048,4.264327,62.715644,110.581123,9.75607,17.701895,30.819381,48.285065,53.831028,fuego
0.450571,0.474506,0.705583,44.058234,152.681883,4.706027,5.283349,7.590771,36.097502,54.778387,fuego
95.030231,84.423134,90.901335,58.018942,146.765889,74.291904,72.114792,74.526388,42.249051,53.86416,humo
33.413075,36.052747,35.62127,98.223087,112.153072,59.540847,61.839328,62.989607,64.722817,64.69538,humo
4.746955,5.590808,3.807251,120.052286,102.368789,13.003188,14.314235,19.136915,58.856966,54.153373,no_fuego
12.181945,13.969724,14.264458,144.700343,93.653255,40.85014,42.697021,45.162407,82.24454,69.89342,humo
1.437717,2.608974,4.172763,79.510019,133.337477,8.24008,13.707848,12.745489,60.756245,56.228101,no_fuego
79.9415,80.0811,80.5759,76.1259,135.908,70.9458,70.6324,70.9506,77.1771,51.1802,humo
5.0108,7.6489,8.2869,148.446,107.8033,11.7178,17.8959,18.9915,60.9939,70.8929,no_fuego
3.928668,5.974416,5.971771,80.109939,127.576482,10.581281,17.705386,18.198749,60.68638,55.975931,no_fuego
0.912109,1.728128,3.854225,87.186263,83.315757,5.268995,16.751881,29.482224,65.245579,50.65737,fuego
6.197102,7.036851,7.619675,74.364704,103.365924,13.519902,19.282701,18.272221,51.995795,55.432461,no_fuego
74.130287,74.528286,75.649946,73.441902,127.529649,76.717477,77.680902,80.516789,61.970114,54.009408,humo
49.848935,48.433567,44.748323,95.117258,108.465388,70.930221,69.946471,65.97569,63.644934,55.542988,humo
2.434026,1.479592,0.256575,42.050777,142.012874,8.557996,5.633252,8.8309,33.135254,56.225337,no_fuego
1.0754,2.8288,4.8646,73.3712,127.4871,8.2868,19.0314,32.4311,61.9299,53.4213,fuego
8.849756,21.544689,34.249793,151.504854,157.005053,23.533483,50.713639,79.343367,47.336414,57.389948,fuego
5.401,14.0106,32.2954,111.468,145.9601,15.8788,36.0034,81.1863,78.3132,63.6756,fuego
1.0109,2.4431,5.1857,90.686,124.9866,7.3601,16.6378,34.6661,48.8153,67.7652,fuego
59.413257,58.787689,57.469076,57.704177,122.899356,72.991366,74.232204,72.529536,53.403957,55.478986,humo
124.526428,141.747719,142.086607,45.577057,142.412645,60.270168,68.174666,62.277722,31.120916,44.914662,humo
13.280772,13.642372,14.224151,51.944002,94.968209,35.779342,35.431893,36.944592,53.182271,39.523404,humo
2.6954,6.8028,11.9911,73.9294,97.3964,12.3638,29.2824,50.8731,51.2843,48.7225,fuego
0.25051,0.747379,1.137295,123.983838,124.276259,3.514741,9.484279,16.151095,77.892343,74.897725,fuego
0.991667,2.628663,6.442006,161.515946,110.978924,6.178716,22.962154,39.036767,54.489125,72.468787,fuego
6.568697,12.472958,9.499889,97.758948,119.941383,11.93279,19.161694,25.566265,53.950559,53.576639,no_fuego
2.9622,3.3167,3.3174,157.8921,154.1185,9.9484,11.0891,11.1776,70.7112,83.3751,no_fuego
14.796417,30.909435,69.972853,162.04487,140.495426,23.18119,47.604022,109.851405,66.271289,79.611679,fuego
1.105646,3.057497,6.228245,83.500582,91.02567,5.443361,15.920504,32.044557,55.3569,52.342094,fuego
47.8016,47.0689,42.0965,99.041,114.4992,70.8938,69.6722,63.224,64.1795,50.5576,humo
0.7538,1.2544,2.3429,46.0888,69.9572,7.4368,12.1361,22.4965,52.9094,35.0412,fuego
34.0097,37.4546,40.6546,64.8349,114.1063,52.6501,58.291,63.7149,47.0846,44.4417,humo
2.497708,3.482588,5.791877,148.915394,110.408864,11.39815,17.199486,14.669171,75.719829,68.852649,no_fuego
7.065,12.3995,11.3359,76.4371,105.902,13.4911,23.264,21.3468,58.6474,55.8625,no_fuego
4.07602,5.647816,5.532279,78.350024,120.068536,10.091833,17.903786,16.543052,59.037937,52.54238,no_fuego
13.621477,13.484972,10.61649,84.350002,87.161126,42.615375,41.969585,43.681435,61.162913,58.341386,humo
10.713,11.8848,14.1468,146.7991,110.9185,37.4985,41.3993,49.0808,58.282,86.1264,humo
9.8804,17.1827,30.527,128.1007,155.793,26.525,45.5457,79.8699,45.9288,64.1125,fuego
2.642534,3.408258,3.70747,112.182436,142.847336,9.039707,11.7344,12.238208,76.231322,64.416249,no_fuego
3.2406,3.934,8.5514,68.6616,144.1184,17.0638,21.1117,44.9445,47.5432,61.0673,fuego
34.467443,37.745405,41.115129,64.960772,114.132567,52.67843,58.521964,64.065921,47.431712,45.678082,humo
1.2009,1.6939,2.1842,155.763,97.5058,11.4088,16.1431,20.7348,47.4695,76.768,humo
0.0827,0.1062,0.1378,35.2024,115.6565,1.9204,2.4331,3.0906,26.4201,37.5559,no_fuego
1.447263,4.170844,3.711062,119.626102,132.369652,7.257753,17.471677,33.831271,63.584943,49.175146,fuego
13.182552,13.529868,15.337129,74.024279,95.644661,41.198036,40.800676,42.963792,47.179304,52.218614,humo
1.925614,3.311563,5.296023,89.463276,124.025857,12.212235,16.826266,37.305598,46.04379,64.601577,fuego
5.3587,4.7242,5.6891,73.9294,97.3964,13.6724,12.2255,14.7632,51.2843,48.7225,no_fuego
2.614163,4.190675,7.37049,77.170225,101.489275,12.200891,22.510178,41.592911,47.856625,52.728575,fuego
1.119497,1.218418,2.124397,150.942068,104.824641,10.669694,14.981994,14.224783,59.789559,73.906313,humo
0.224,0.6035,1.1037,115.1817,123.9638,3.3438,8.7369,15.6617,58.6338,74.5851,fuego
0.3856,0.6498,1.0171,130.494,140.3401,2.7604,4.5039,6.8745,62.0417,58.3072,no_fuego
1.4352,1.8535,2.1061,146.8897,156.5165,7.4793,9.7576,11.2642,52.6483,57.0102,no_fuego
9.6885,12.9181,13.1103,46.331,69.9994,15.5352,20.2958,20.7435,53.3218,35.3242,no_fuego
2.601068,4.660123,4.519706,63.010535,114.702545,11.819464,15.976447,16.365295,41.024816,54.132027,no_fuego
0.353012,0.429546,0.764329,50.699521,71.746589,4.475739,8.988233,18.253722,62.366549,47.844928,fuego
3.133595,9.065198,2.955283,113.021922,137.683972,10.550538,17.458433,18.047104,45.464835,66.233421,no_fuego
0.000347,0.00826,0.005822,36.012035,116.132843,0.380598,0.871712,0.2572,27.306482,45.118065,fuego
103.145,109.0897,116.6668,46.2556,139.3746,69.5417,73.4358,78.372,38.6166,55.5049,humo
5.636805,8.697989,8.465649,93.811296,124.41226,12.068816,19.439012,19.478716,57.138665,63.441279,no_fuego
34.4995,37.9452,41.1586,65.0837,114.2154,53.4015,59.0402,64.4661,47.6567,45.9011,humo
6.214832,13.385742,21.894903,141.706792,108.686872,20.426609,39.51233,69.113113,48.374438,79.147763,fuego
2.5948,4.1425,4.2339,65.0837,114.2154,9.9589,16.1529,16.3995,47.6567,45.9011,no_fuego
20.9016,19.8805,24.413,120.1561,90.366,45.5262,43.1571,53.874,57.183,56.8849,humo
7.188441,10.541353,12.586847,49.081524,81.698849,15.124845,13.515813,20.716834,51.900824,44.517996,no_fuego
12.1347,18.3288,18.6556,83.2215,91.1969,17.3485,26.696,27.5405,43.7253,52.4831,no_fuego
1.9262,3.7842,6.6531,83.5088,91.2369,11.4457,22.5458,39.015,43.9618,52.8962,fuego
6.9061,9.9882,8.8721,117.265,125.1562,13.8588,20.5774,18.4501,50.9083,58.6559,no_fuego
6.024936,5.369905,7.72886,75.082898,97.598166,14.536493,14.779958,19.701258,51.539531,53.64545,no_fuego
61.109157,64.495459,68.495277,74.863216,131.499469,76.37773,77.409759,79.658069,60.602426,56.424496,humo
2.2328,4.7543,7.9688,86.419,81.7183,12.3475,25.2546,41.8266,66.1498,65.7869,fuego
9.7977,24.864,52.2148,129.8727,141.8745,20.964,48.5191,98.3367,75.9771,70.613,fuego
4.668426,7.42366,7.550355,147.800785,112.413086,11.70421,17.477748,18.942159,63.114996,70.580308,no_fuego
10.991835,24.995162,58.328908,139.004216,145.582641,21.751505,46.220655,98.708948,74.941319,63.51908,fuego
23.5574,28.2834,30.9977,139.4312,124.5681,52.2654,62.2664,68.2324,78.1255,76.0356,humo
0.6662,0.8508,1.1775,193.702,136.4385,8.5694,11.0553,15.1049,38.9437,77.9597,humo
9.864175,17.991492,32.485794,139.867447,158.191756,24.559769,46.311419,80.677443,45.789616,60.578445,fuego
34.4937,37.1189,37.084,100.8912,118.2937,57.8424,62.0141,62.1931,73.5092,69.5621,humo
3.115959,10.888039,14.201878,98.223087,112.153072,10.591544,36.619397,61.694635,64.722817,64.69538,fuego
0.037215,0.304224,0.214196,154.209716,106.536711,1.600754,2.207753,3.805442,49.754939,77.868634,humo
1.902209,2.781878,3.520616,141.167944,121.616755,8.49918,8.954188,13.411354,76.1336,65.015798,no_fuego
0.0057,0.0072,0.0104,240.9567,134.9181,0.7992,1.002,1.4457,20.9734,54.7593,humo
7.925185,11.867221,11.671629,74.51372,97.600502,14.892103,18.365035,21.474637,51.659418,52.128736,no_fuego
0.601941,1.474994,2.649882,50.129389,77.552974,6.896433,13.339993,23.70435,56.470402,45.111548,fuego
2.503954,5.658175,14.101742,192.762692,131.705011,19.189551,24.678224,54.526731,43.238335,65.880497,fuego
34.091241,37.446446,40.591816,65.079968,114.100452,52.507175,58.014394,63.997729,46.910151,45.350148,humo
5.390838,9.951731,8.575092,91.190351,125.765485,13.389676,20.108188,22.616836,49.478522,60.277819,no_fuego
9.4099,14.1451,14.3556,89.0852,122.7403,16.4892,25.496,25.7428,43.9298,62.9865,no_fuego
3.261507,13.361678,29.430626,134.614256,95.986488,13.979646,36.204523,78.504765,82.447177,71.032568,fuego
23.30362,26.775933,26.971498,136.337046,117.185848,49.493996,60.696453,58.929813,74.943349,62.868966,humo
0.0003,0.0005,0.0009,242.5399,135.5461,0.0753,0.1119,0.2053,19.3473,54.903,no_fuego
0.424035,1.168672,2.394701,81.45602,120.447313,5.477298,10.713694,20.536004,57.551166,55.308552,fuego
0.0132,0.0205,0.0243,208.9329,133.0103,1.1521,1.7864,2.1158,22.9063,41.3367,humo
1.838,1.5625,1.4765,156.7275,112.8514,7.9127,6.6675,6.7512,82.2596,62.527,no_fuego
12.005282,18.220729,18.495727,83.611844,91.263145,17.199547,26.553448,27.272231,44.050435,53.543872,no_fuego
3.1015,5.2408,5.9711,80.9084,132.892,9.8812,16.4032,18.4925,59.5987,56.6174,no_fuego
5.491361,10.090855,10.155925,91.049373,126.319831,12.549943,22.962174,24.728526,49.082214,62.731137,no_fuego
1.431616,5.574104,5.691938,152.756762,109.278016,4.561262,8.048178,12.658586,49.151214,87.701235,no_fuego
1.61866,2.661654,2.443165,144.189423,156.735691,8.133779,11.303462,11.653963,59.306079,58.187568,no_fuego
1.924149,3.782936,6.676313,83.611844,91.263145,11.433308,22.507643,39.212646,44.050435,53.543872,fuego
26.3832,31.9036,35.2094,115.1817,123.9638,54.4115,65.3803,72.1342,58.6338,74.5851,humo
4.562682,13.532213,34.937078,147.386342,118.264751,13.300297,36.097457,71.84975,62.201086,65.654511,fuego
8.2716,14.4341,25.342,134.4291,113.2374,24.2953,41.5638,71.765,48.4629,81.6537,fuego
6.4896,9.4281,7.159,58.5919,110.3672,12.368,18.2237,14.2937,47.6351,53.5505,no_fuego
34.529763,43.117709,41.637342,110.090669,139.473046,63.139521,66.510309,66.727746,77.110777,69.092835,humo
99.256064,96.807713,105.612392,42.050777,142.012874,69.498293,73.690414,82.284765,33.135254,56.225337,humo
3.358,5.3563,5.4822,81.8342,119.5191,10.0144,15.2417,16.2876,52.2433,51.1534,no_fuego
1.098452,4.829934,9.370715,218.66452,134.737093,5.823077,24.953273,45.354801,21.137157,54.057019,fuego
5.7266,8.8395,9.1995,99.142,118.6344,11.6204,19.0948,19.5324,60.8449,52.4689,no_fuego
73.2457,77.043,82.5604,53.9629,146.4633,80.2845,82.4746,86.7289,39.3925,66.5506,humo
14.5313,14.1726,14.1674,46.331,69.9994,35.9297,35.0422,35.2352,53.3218,35.3242,humo
49.838461,51.556087,49.694485,95.570216,106.500869,70.913697,70.040726,63.727029,63.043333,52.651457,humo
5.524,8.5588,8.4649,90.686,124.9866,12.5037,19.7952,19.4072,48.8153,67.7652,no_fuego
1.0349,4.4435,7.8203,197.3886,97.2504,6.3522,23.9776,41.6608,46.5364,90.5683,fuego
0.9417,4.4379,8.8255,208.9329,133.0103,5.7679,22.7108,43.5219,22.9063,41.3367,fuego
1.100531,1.316967,3.141812,45.59732,149.454433,8.063645,13.360305,25.195625,35.29966,47.484011,fuego
0.0038,0.0051,0.0073,242.5399,135.5461,0.6471,0.8615,1.2149,19.3473,54.903,humo
9.973937,14.297648,17.755694,141.022573,157.847666,31.791258,41.069769,52.472639,50.162016,59.333691,humo
4.374,7.5944,6.8311,73.4885,127.5654,11.0394,18.8199,16.8391,62.3442,54.0623,no_fuego
8.537506,10.69632,14.080522,83.500582,91.02567,24.266424,26.00152,30.78372,55.3569,52.342094,humo
1.082135,2.562977,2.337757,141.022573,157.847666,5.605974,7.864924,12.432197,50.162016,59.333691,no_fuego
2.1,4.0105,6.5513,65.2734,117.9302,12.6498,23.4925,38.1878,37.5235,66.0332,fuego
40.1702,39.284,41.0468,77.1078,105.5429,66.3404,64.7834,67.1776,52.7666,55.9734,humo
22.393754,27.950637,33.402036,123.295601,128.511332,52.574404,60.596129,70.605398,46.340097,71.126893,humo
9.1159,14.9835,27.6381,102.8812,142.4366,25.4271,41.875,76.2712,43.4097,68.0132,fuego
8.4411,8.0048,8.8157,146.8897,156.5165,31.431,29.4225,32.5025,52.6483,57.0102,humo
0,0,0,99.3065,66.2153,0,0,0,51.03,46.7369,humo
3.778956,6.12358,12.998472,121.550565,117.43664,12.292252,34.930873,52.538549,54.15608,57.261073,fuego
29.883812,26.641364,33.319745,120.661199,146.11001,53.674673,53.371998,69.707382,44.100107,67.271278,humo
37.702977,37.695045,47.567854,105.003838,127.641967,56.672523,64.777391,71.373478,56.422519,49.1545,humo
58.924688,65.697782,70.395799,81.45602,120.447313,64.550716,75.389337,79.809123,57.551166,55.308552,humo
7.1909,7.4979,8.0103,86.419,81.7183,12.6612,13.0714,14.1264,66.1498,65.7869,no_fuego
79.8285,79.9682,80.4456,76.1323,135.9669,71.0027,70.6966,71.0105,77.1696,51.6304,humo
26.701169,28.811841,25.386351,119.85844,92.733274,49.133951,46.478744,55.060029,63.154751,53.250063,humo
0.8243,1.2646,1.1337,62.788,158.0275,5.732,8.897,7.9924,44.4217,50.0069,no_fuego
30.560905,36.638178,35.838342,106.529873,125.434266,55.233555,65.310361,71.574294,50.087863,70.677621,humo
5.3249,6.6908,7.2596,92.3344,86.7558,12.3688,15.6403,16.8851,65.8001,61.7924,no_fuego
64.8604,63.4186,65.5872,58.5919,110.3672,67.6259,65.2895,67.4341,47.6351,53.5505,humo
1.4397,2.6224,4.2062,67.1685,113.9053,10.7416,19.1005,30.4955,54.1259,54.3376,fuego
17.8036,18.6322,20.0285,129.8727,141.8745,43.4903,45.3207,49.0521,75.9771,70.613,humo
36.952853,41.709197,43.139427,68.382151,141.896066,55.617035,61.82972,66.605819,47.153555,55.184776,humo
1.6431,3.0639,3.6926,139.4312,124.5681,7.0821,12.2593,14.7554,78.1255,76.0356,no_fuego
3.699531,2.921072,2.685715,64.017688,95.763846,11.549022,11.016158,12.64227,62.104851,51.213946,no_fuego
1.365169,4.585933,6.423522,91.049373,126.319831,7.779586,22.704858,36.746726,49.082214,62.731137,fuego
1.902083,3.356645,7.538191,112.431286,86.374502,13.43307,20.765997,31.323838,59.660518,57.481782,fuego
51.3204,50.6162,49.39,54.9279,84.3056,65.0455,64.1491,62.8385,64.1818,52.0279,humo
3.764873,3.530999,3.137297,50.919405,137.479515,11.448655,10.995923,11.153686,39.380838,65.723818,no_fuego
2.4861,3.9454,4.0527,64.8349,114.1063,9.8601,15.8872,16.2251,47.0846,44.4417,no_fuego
1.6915,3.5145,5.8169,40.632,169.5722,11.2692,21.9599,35.9759,44.5224,63.3442,fuego
9.782415,16.605718,41.163144,113.864696,145.002133,19.21511,43.165254,90.72135,77.728483,70.059959,fuego
11.526493,17.640257,16.870871,89.470608,67.915595,15.32458,21.787926,22.247397,44.968538,53.164015,no_fuego
2.7429,5.2654,8.2103,120.1561,90.366,14.4187,26.9225,41.9104,57.183,56.8849,fuego
3.123387,4.22934,4.881391,65.162951,115.260858,10.440962,14.990966,15.971243,39.008035,63.76652,no_fuego
2.280589,2.983338,2.708564,43.071622,160.092395,8.556846,13.054605,11.577828,40.279298,61.646017,no_fuego
0.500753,0.279786,1.08113,182.775216,152.171926,2.542627,5.696293,5.95513,35.857109,58.247486,no_fuego
7.041555,12.414506,23.582421,126.326702,114.198683,18.969394,38.285717,61.262707,48.692674,68.656534,fuego
4.132036,5.904509,7.074142,108.377181,116.687856,10.928372,18.102173,18.918287,61.986418,48.88941,no_fuego
3.4035,12.256,23.9229,147.0218,121.5926,11.5259,37.2654,71.1199,72.6366,63.4907,fuego
5.9851,12.6649,21.7653,155.763,97.5058,19.7292,39.1228,65.8181,47.4695,76.768,fuego
2.829192,3.425053,2.271055,53.473158,144.894804,10.482297,8.718478,7.710068,44.969249,64.148384,no_fuego
2.076298,0.618438,2.807143,67.025379,143.767131,7.665787,6.164053,9.648901,39.958796,59.099193,no_fuego
10.8,10.2594,10.3231,92.3344,86.7558,35.2512,33.2561,33.6912,65.8001,61.7924,humo
83.0042,87.6322,104.9676,41.3555,145.9562,69.0204,73.9474,89.6979,19.8026,56.4914,humo
8.491582,12.384053,9.635451,60.813447,74.722431,13.674988,17.54245,15.545443,51.761221,45.746781,no_fuego
2.4856,7.1129,13.5708,90.7142,102.6969,10.4187,28.7658,53.5511,64.4493,62.3731,fuego
5.3696,10.1032,10.2283,91.3463,126.8077,13.3904,24.8514,24.8814,49.9844,56.4554,no_fuego
2.2239,5.9689,10.6895,130.1374,111.6971,10.8744,27.5001,48.587,64.6558,56.5966,fuego
1.9191,3.7747,6.713,84.0162,91.2932,11.3998,22.4455,39.2515,44.3908,53.5475,fuego
3.5695,10.0502,17.2446,92.3344,86.7558,12.9969,35.8705,60.9061,65.8001,61.7924,fuego
0.8669,1.4709,2.0313,76.1323,135.9669,4.5814,7.066,9.6474,77.1696,51.6304,no_fuego
12.039,18.2366,18.5494,83.5088,91.2369,17.2371,26.6053,27.4194,43.9618,52.8962,no_fuego
4.715361,5.734141,6.009362,125.34327,114.102513,10.805569,15.99644,19.191501,49.418576,77.658893,no_fuego
0.57865,1.222797,1.977958,46.283683,139.356966,6.421188,13.108348,20.910598,38.629981,55.504644,fuego
12.1269,12.3531,12.4973,126.2388,93.9434,40.7289,41.2244,41.703,97.6194,89.4137,humo
2.5088,2.8575,3.6666,134.4291,113.2374,17.2837,19.9826,25.4944,48.4629,81.6537,humo
1.4443,1.5574,1.7895,157.8921,154.1185,12.4687,13.4999,15.8589,70.7112,83.3751,humo
4.3461,7.5587,6.85,73.3048,127.4349,11.0566,18.8672,17.005,61.659,52.9799,no_fuego
6.671889,7.147912,7.815548,86.269761,82.007893,12.411427,12.851966,13.434144,58.705471,64.996788,no_fuego
5.924433,11.025339,8.090004,85.174525,94.935687,12.951717,20.98443,16.995809,61.231772,59.219431,no_fuego
4.3202,7.2273,7.802,130.1374,111.6971,11.0095,18.4752,19.4249,64.6558,56.5966,no_fuego
12.383923,31.586385,65.911161,146.870872,156.41585,24.206502,44.703409,110.302431,69.466349,68.215987,fuego
5.482771,6.320461,6.942083,85.727512,118.624218,11.672968,17.893067,17.650062,50.627086,78.683177,no_fuego
2.0139,3.7162,4.1465,128.1007,155.793,7.9531,14.2014,15.9858,45.9288,64.1125,no_fuego
0.875787,1.480211,2.074516,76.129846,135.909781,4.583056,7.070519,9.675912,77.173722,51.586217,no_fuego
58.976619,53.26657,57.06074,63.865098,124.215359,69.503049,72.417493,74.770366,38.404995,56.333104,humo
35.121884,37.311367,40.511096,69.218239,113.829453,61.262206,59.61542,65.328929,47.776617,51.966356,humo
0.8821,1.5026,2.0909,76.1259,135.908,4.5864,7.1019,9.7615,77.1771,51.1802,no_fuego
4.370267,7.588526,6.837776,73.441902,127.529649,11.044115,18.825897,16.859589,61.970114,54.009408,no_fuego
4.3571,7.5775,6.8432,73.3712,127.4871,11.046,18.8565,16.9367,61.9299,53.4213,no_fuego
0.0008,0.0011,0.0022,240.9567,134.9181,0.1403,0.1885,0.3421,20.9734,54.7593,no_fuego
74.1828,74.5979,75.6915,73.3712,127.4871,76.6743,77.5768,80.4125,61.9299,53.4213,humo
